,historial,memory,grupos,state_manager,algo,alpha,seed,train_mean,train_std,eval_mean,eval_std,eval_median,eval_p25,eval_p75,p_explorado
0,3.0,,,history,Q,0.01,1,803.218,164.06847496091382,929.0,0.0,929.0,929.0,929.0,0.7142857142857143
1,3.0,,,history,Q,0.01,2,786.3495,157.36874641983397,914.0,0.0,914.0,914.0,914.0,0.7346938775510204
2,3.0,,,history,Q,0.01,3,797.088,162.77371180875613,920.0,0.0,920.0,920.0,920.0,0.7244897959183674
3,3.0,,,history,Q,0.05,1,826.6775,170.17777026906307,1084.14,8.414297356285907,1084.0,1078.0,1091.5,0.7040816326530612
4,3.0,,,history,Q,0.05,2,825.8395,172.31957155166674,858.0,0.0,858.0,858.0,858.0,0.7346938775510204
5,3.0,,,history,Q,0.05,3,832.491,168.28150795319132,1088.34,17.902636677316558,1083.0,1074.0,1101.0,0.7448979591836735
6,3.0,,,history,Q,0.1,1,848.7895,169.94333817408082,1052.06,24.80033064295716,1049.0,1034.0,1067.0,0.6938775510204082
7,3.0,,,history,Q,0.1,2,851.394,171.71264008220246,686.72,8.419121094271064,688.0,680.25,693.0,0.7040816326530612
8,3.0,,,history,Q,0.1,3,843.334,172.54604151935797,1028.64,6.713449188010586,1029.0,1025.25,1033.0,0.7346938775510204
9,3.0,,,history,SARSA,0.01,1,801.9365,164.15417286121604,916.0,0.0,916.0,916.0,916.0,0.7244897959183674
10,3.0,,,history,SARSA,0.01,2,790.1045,156.89649639093284,922.0,0.0,922.0,922.0,922.0,0.7142857142857143
11,3.0,,,history,SARSA,0.01,3,788.7675,160.03256682235025,913.0,0.0,913.0,913.0,913.0,0.7244897959183674
12,3.0,,,history,SARSA,0.05,1,822.3745,169.51949519081867,914.0,0.0,914.0,914.0,914.0,0.7244897959183674
13,3.0,,,history,SARSA,0.05,2,825.6835,168.8513261059859,1042.68,6.589203290231679,1043.0,1040.0,1047.0,0.7040816326530612
14,3.0,,,history,SARSA,0.05,3,827.02,170.86705241210197,1025.14,8.345082384254813,1026.0,1020.0,1032.0,0.7346938775510204
15,3.0,,,history,SARSA,0.1,1,842.0685,171.14319679072844,1046.94,7.902936163224401,1048.0,1041.0,1052.5,0.7346938775510204
16,3.0,,,history,SARSA,0.1,2,833.769,170.4172046449536,927.0,0.0,927.0,927.0,927.0,0.7244897959183674
17,3.0,,,history,SARSA,0.1,3,840.339,170.6239141474606,675.52,7.043408265889462,676.5,670.25,679.75,0.7346938775510204
18,4.0,,,history,Q,0.01,1,796.396,160.76717694853014,660.0,0.0,660.0,660.0,660.0,0.430622009569378
19,4.0,,,history,Q,0.01,2,792.7605,161.58473981088065,632.0,0.0,632.0,632.0,632.0,0.44258373205741625
20,4.0,,,history,Q,0.01,3,792.196,159.84548033647994,916.0,0.0,916.0,916.0,916.0,0.44976076555023925
21,4.0,,,history,Q,0.05,1,835.241,170.0035997236529,649.46,7.5052248467317755,651.0,643.5,655.0,0.44976076555023925
22,4.0,,,history,Q,0.05,2,816.55,166.11706564949912,666.36,17.139148170197956,665.0,653.0,679.25,0.44019138755980863
23,4.0,,,history,Q,0.05,3,817.1825,167.16144948447294,915.0,0.0,915.0,915.0,915.0,0.4449760765550239
24,4.0,,,history,Q,0.1,1,855.243,169.4859756764553,1113.72,21.88153559510849,1110.5,1096.5,1130.0,0.44976076555023925
25,4.0,,,history,Q,0.1,2,833.3425,169.67179846323904,1049.62,6.849496331848058,1050.0,1047.0,1054.0,0.43779904306220097
26,4.0,,,history,Q,0.1,3,840.996,168.03174397714258,981.06,5.562049981796281,981.0,977.0,984.0,0.45215311004784686
27,4.0,,,history,SARSA,0.01,1,796.195,161.9601184705667,693.0,0.0,693.0,693.0,693.0,0.44258373205741625
28,4.0,,,history,SARSA,0.01,2,792.0,157.07072610769964,915.0,0.0,915.0,915.0,915.0,0.4449760765550239
29,4.0,,,history,SARSA,0.01,3,805.016,162.37504347651458,921.92,0.5599999999999999,922.0,922.0,922.0,0.4473684210526316
30,4.0,,,history,SARSA,0.05,1,810.8955,166.69580252588847,635.0,0.0,635.0,635.0,635.0,0.44258373205741625
31,4.0,,,history,SARSA,0.05,2,841.3995,169.47121554927847,660.48,6.42569840562098,660.5,656.25,664.0,0.4473684210526316
32,4.0,,,history,SARSA,0.05,3,820.0185,167.9952146870559,993.32,5.540541489782385,993.5,989.0,998.0,0.430622009569378
33,4.0,,,history,SARSA,0.1,1,835.5955,169.50850975614765,570.0,0.0,570.0,570.0,570.0,0.43779904306220097
34,4.0,,,history,SARSA,0.1,2,840.944,168.77078794625567,1142.46,23.277637337152584,1143.0,1122.25,1158.75,0.4473684210526316
35,4.0,,,history,SARSA,0.1,3,840.725,170.28961616904303,724.16,19.29700494895516,725.5,708.75,735.0,0.4354066985645933
36,5.0,,,history,Q,0.01,1,794.544,160.24622012390807,655.0,0.0,655.0,655.0,655.0,0.2762073027090695
37,5.0,,,history,Q,0.01,2,795.413,161.59055179991188,913.0,0.0,913.0,913.0,913.0,0.2773851590106007
38,5.0,,,history,Q,0.01,3,792.3045,159.96641141111468,914.0,0.0,914.0,914.0,914.0,0.2767962308598351
39,5.0,,,history,Q,0.05,1,824.517,167.38768685599308,878.0,0.0,878.0,878.0,878.0,0.2703180212014134
40,5.0,,,history,Q,0.05,2,813.385,164.65588897758866,967.04,6.1252265264233285,968.0,962.0,972.5,0.2797408716136631
41,5.0,,,history,Q,0.05,3,819.702,168.2574907574697,1140.84,0.7838367176906169,1141.0,1141.0,1141.0,0.2767962308598351
42,5.0,,,history,Q,0.1,1,861.828,166.98924940246903,648.0,0.0,648.0,648.0,648.0,0.2756183745583039
43,5.0,,,history,Q,0.1,2,848.309,167.67439136314167,1019.42,7.655298818465547,1019.5,1015.0,1026.5,0.2785630153121319
44,5.0,,,history,Q,0.1,3,842.2615,169.62303533939604,1035.5,4.243819034784589,1037.0,1033.0,1038.75,0.2797408716136631
45,5.0,,,history,SARSA,0.01,1,800.0485,164.28107057037948,919.92,0.5599999999999999,920.0,920.0,920.0,0.2756183745583039
46,5.0,,,history,SARSA,0.01,2,799.474,163.73778526656577,912.0,0.0,912.0,912.0,912.0,0.28150765606595995
47,5.0,,,history,SARSA,0.01,3,795.998,160.28533306575494,656.92,0.5599999999999999,657.0,657.0,657.0,0.28032979976442873
48,5.0,,,history,SARSA,0.05,1,807.3435,164.11007131724122,682.0,0.0,682.0,682.0,682.0,0.2773851590106007
49,5.0,,,history,SARSA,0.05,2,814.919,167.07388616716858,1008.78,6.239519212247046,1009.0,1006.0,1013.75,0.27385159010600707
50,5.0,,,history,SARSA,0.05,3,814.5545,166.63898112311537,600.92,0.5599999999999999,601.0,601.0,601.0,0.27208480565371024
51,5.0,,,history,SARSA,0.1,1,846.937,168.59279353222664,941.58,5.161743891360749,943.0,939.0,946.0,0.28209658421672557
52,5.0,,,history,SARSA,0.1,2,835.4095,168.79958178191674,904.0,0.0,904.0,904.0,904.0,0.2767962308598351
53,5.0,,,history,SARSA,0.1,3,835.9975,167.38610902267249,914.0,0.0,914.0,914.0,914.0,0.2767962308598351
54,,5.0,3.0,stats_summary,Q,0.01,1,807.7275,162.72803152422756,916.0,0.0,916.0,916.0,916.0,0.7777777777777778
55,,5.0,3.0,stats_summary,Q,0.01,2,810.1,165.2167606509703,916.0,0.0,916.0,916.0,916.0,0.7777777777777778
56,,5.0,3.0,stats_summary,Q,0.01,3,798.482,162.85459365949737,927.0,0.0,927.0,927.0,927.0,0.7777777777777778
57,,5.0,3.0,stats_summary,Q,0.05,1,834.9475,172.48345643495784,916.0,0.0,916.0,916.0,916.0,0.7407407407407407
58,,5.0,3.0,stats_summary,Q,0.05,2,837.216,172.81251500976427,916.0,0.0,916.0,916.0,916.0,0.7407407407407407
59,,5.0,3.0,stats_summary,Q,0.05,3,833.62,173.22139186601638,904.0,0.0,904.0,904.0,904.0,0.7407407407407407
60,,5.0,3.0,stats_summary,Q,0.1,1,834.229,174.08272332141408,916.0,0.0,916.0,916.0,916.0,0.7777777777777778
61,,5.0,3.0,stats_summary,Q,0.1,2,845.089,175.94930542346563,964.58,14.998786617590104,968.0,964.0,971.0,0.7777777777777778
62,,5.0,3.0,stats_summary,Q,0.1,3,844.364,175.50010399996918,1039.8,30.85644179097778,1041.5,1019.5,1071.75,0.7407407407407407
63,,5.0,3.0,stats_summary,SARSA,0.01,1,796.6245,159.99299828351863,916.0,0.0,916.0,916.0,916.0,0.8148148148148148
64,,5.0,3.0,stats_summary,SARSA,0.01,2,804.228,164.1716845744113,916.0,0.0,916.0,916.0,916.0,0.8148148148148148
65,,5.0,3.0,stats_summary,SARSA,0.01,3,797.4175,161.83768471450028,916.0,0.0,916.0,916.0,916.0,0.8148148148148148
66,,5.0,3.0,stats_summary,SARSA,0.05,1,822.8995,170.3534367124714,916.0,0.0,916.0,916.0,916.0,0.7777777777777778
67,,5.0,3.0,stats_summary,SARSA,0.05,2,832.0295,172.78184114585073,920.0,0.0,920.0,920.0,920.0,0.7777777777777778
68,,5.0,3.0,stats_summary,SARSA,0.05,3,824.476,171.59424356312192,980.32,11.15784925512081,981.0,978.25,985.0,0.8518518518518519
69,,5.0,3.0,stats_summary,SARSA,0.1,1,840.079,173.57522219199373,920.0,0.0,920.0,920.0,920.0,0.8148148148148148
70,,5.0,3.0,stats_summary,SARSA,0.1,2,834.479,175.70036015614767,1163.68,8.49809390392928,1164.0,1158.0,1170.0,0.7777777777777778
71,,5.0,3.0,stats_summary,SARSA,0.1,3,827.583,173.1908314865426,646.08,0.5599999999999999,646.0,646.0,646.0,0.7777777777777778
72,,5.0,4.0,stats_summary,Q,0.01,1,807.1815,164.18570753189817,916.0,0.0,916.0,916.0,916.0,0.609375
73,,5.0,4.0,stats_summary,Q,0.01,2,796.4635,161.7338698842948,916.0,0.0,916.0,916.0,916.0,0.59375
74,,5.0,4.0,stats_summary,Q,0.01,3,795.882,162.68460614329803,916.0,0.0,916.0,916.0,916.0,0.625
75,,5.0,4.0,stats_summary,Q,0.05,1,819.0265,167.86623483521038,935.0,0.0,935.0,935.0,935.0,0.59375
76,,5.0,4.0,stats_summary,Q,0.05,2,819.7395,168.36794421667682,916.0,0.0,916.0,916.0,916.0,0.625
77,,5.0,4.0,stats_summary,Q,0.05,3,815.16,167.56185842846216,646.12,0.8400000000000001,646.0,646.0,646.0,0.609375
78,,5.0,4.0,stats_summary,Q,0.1,1,832.4265,172.90855270272203,828.0,0.0,828.0,828.0,828.0,0.59375
79,,5.0,4.0,stats_summary,Q,0.1,2,827.727,172.18933611289637,1096.88,33.4386841846386,1100.5,1070.25,1119.5,0.59375
80,,5.0,4.0,stats_summary,Q,0.1,3,826.829,172.81862966416554,855.0,2.4,855.0,855.0,855.0,0.609375
81,,5.0,4.0,stats_summary,SARSA,0.01,1,791.1725,159.3755619401858,916.0,0.0,916.0,916.0,916.0,0.65625
82,,5.0,4.0,stats_summary,SARSA,0.01,2,786.7035,155.96070526818605,916.0,0.0,916.0,916.0,916.0,0.640625
83,,5.0,4.0,stats_summary,SARSA,0.01,3,794.503,160.58371022927574,916.0,0.0,916.0,916.0,916.0,0.625
84,,5.0,4.0,stats_summary,SARSA,0.05,1,808.7875,168.39368261235336,556.0,0.0,556.0,556.0,556.0,0.625
85,,5.0,4.0,stats_summary,SARSA,0.05,2,811.837,167.9037653866047,828.0,0.0,828.0,828.0,828.0,0.59375
86,,5.0,4.0,stats_summary,SARSA,0.05,3,817.5335,168.75542029146797,646.0,0.0,646.0,646.0,646.0,0.625
87,,5.0,4.0,stats_summary,SARSA,0.1,1,826.312,171.89203488236447,916.0,0.0,916.0,916.0,916.0,0.578125
88,,5.0,4.0,stats_summary,SARSA,0.1,2,822.381,171.63398509327925,916.0,0.0,916.0,916.0,916.0,0.640625
89,,5.0,4.0,stats_summary,SARSA,0.1,3,820.216,174.2355484509404,948.0,0.0,948.0,948.0,948.0,0.59375
90,,5.0,5.0,stats_summary,Q,0.01,1,785.668,159.65438539545352,916.0,0.0,916.0,916.0,916.0,0.496
91,,5.0,5.0,stats_summary,Q,0.01,2,799.594,162.17561827845762,916.0,0.0,916.0,916.0,916.0,0.512
92,,5.0,5.0,stats_summary,Q,0.01,3,795.549,160.743312766037,916.0,0.0,916.0,916.0,916.0,0.56
93,,5.0,5.0,stats_summary,Q,0.05,1,818.714,168.21491076596035,829.14,0.98,829.0,829.0,829.0,0.552
94,,5.0,5.0,stats_summary,Q,0.05,2,816.788,169.94279348062983,916.0,0.0,916.0,916.0,916.0,0.528
95,,5.0,5.0,stats_summary,Q,0.05,3,821.194,170.09687934821144,916.0,0.0,916.0,916.0,916.0,0.544
96,,5.0,5.0,stats_summary,Q,0.1,1,829.466,171.28236874821647,916.0,0.0,916.0,916.0,916.0,0.52
97,,5.0,5.0,stats_summary,Q,0.1,2,820.565,168.37976355548193,827.0,0.0,827.0,827.0,827.0,0.528
98,,5.0,5.0,stats_summary,Q,0.1,3,829.524,171.48827197216724,751.0,0.0,751.0,751.0,751.0,0.536
99,,5.0,5.0,stats_summary,SARSA,0.01,1,795.7085,163.22856835661457,916.0,0.0,916.0,916.0,916.0,0.552
100,,5.0,5.0,stats_summary,SARSA,0.01,2,796.557,161.39204983827426,926.0,0.0,926.0,926.0,926.0,0.512
101,,5.0,5.0,stats_summary,SARSA,0.01,3,786.6525,160.94269086774335,916.0,0.0,916.0,916.0,916.0,0.52
102,,5.0,5.0,stats_summary,SARSA,0.05,1,812.7485,169.03325781558493,647.64,4.4799999999999995,647.0,647.0,647.0,0.544
103,,5.0,5.0,stats_summary,SARSA,0.05,2,812.0885,167.83385733441867,1047.88,24.4733651139356,1045.0,1027.5,1065.0,0.544
104,,5.0,5.0,stats_summary,SARSA,0.05,3,807.602,166.5142113935024,916.0,0.0,916.0,916.0,916.0,0.56
105,,5.0,5.0,stats_summary,SARSA,0.1,1,824.578,170.72819601928674,636.34,2.38,636.0,636.0,636.0,0.544
106,,5.0,5.0,stats_summary,SARSA,0.1,2,821.9475,173.06909817685536,823.0,0.0,823.0,823.0,823.0,0.536
107,,5.0,5.0,stats_summary,SARSA,0.1,3,821.827,172.5573645805939,1056.52,27.65302153472564,1053.0,1037.5,1076.5,0.536
108,,10.0,3.0,stats_summary,Q,0.01,1,803.905,164.01144159783487,927.0,0.0,927.0,927.0,927.0,0.7777777777777778
109,,10.0,3.0,stats_summary,Q,0.01,2,802.2785,163.63995214418148,927.0,0.0,927.0,927.0,927.0,0.7777777777777778
110,,10.0,3.0,stats_summary,Q,0.01,3,795.047,159.27254248928156,927.0,0.0,927.0,927.0,927.0,0.8148148148148148
111,,10.0,3.0,stats_summary,Q,0.05,1,829.372,171.81534162000784,916.0,0.0,916.0,916.0,916.0,0.8148148148148148
112,,10.0,3.0,stats_summary,Q,0.05,2,832.9645,172.122457104673,927.0,0.0,927.0,927.0,927.0,0.7777777777777778
113,,10.0,3.0,stats_summary,Q,0.05,3,830.2205,172.05312226097496,1151.84,20.74353875306718,1155.0,1139.0,1166.75,0.7777777777777778
114,,10.0,3.0,stats_summary,Q,0.1,1,846.032,174.79507709314927,737.0,0.0,737.0,737.0,737.0,0.8148148148148148
115,,10.0,3.0,stats_summary,Q,0.1,2,843.2135,176.43770265379788,927.0,0.0,927.0,927.0,927.0,0.7777777777777778
116,,10.0,3.0,stats_summary,Q,0.1,3,843.3215,175.18267362313546,916.0,0.0,916.0,916.0,916.0,0.8518518518518519
117,,10.0,3.0,stats_summary,SARSA,0.01,1,801.493,162.568637661143,927.0,0.0,927.0,927.0,927.0,0.8148148148148148
118,,10.0,3.0,stats_summary,SARSA,0.01,2,792.7895,158.93570772406684,916.0,0.0,916.0,916.0,916.0,0.8148148148148148
119,,10.0,3.0,stats_summary,SARSA,0.01,3,801.005,161.27255803452738,916.0,0.0,916.0,916.0,916.0,0.7777777777777778
120,,10.0,3.0,stats_summary,SARSA,0.05,1,827.628,170.69339359213643,832.08,0.5599999999999999,832.0,832.0,832.0,0.8518518518518519
121,,10.0,3.0,stats_summary,SARSA,0.05,2,826.109,173.32335422267826,736.0,0.0,736.0,736.0,736.0,0.8148148148148148
122,,10.0,3.0,stats_summary,SARSA,0.05,3,827.033,173.3255835443804,644.0,0.0,644.0,644.0,644.0,0.7777777777777778
123,,10.0,3.0,stats_summary,SARSA,0.1,1,838.865,175.57269085766157,916.0,0.0,916.0,916.0,916.0,0.7777777777777778
124,,10.0,3.0,stats_summary,SARSA,0.1,2,838.4225,174.3875568776339,926.0,0.0,926.0,926.0,926.0,0.7777777777777778
125,,10.0,3.0,stats_summary,SARSA,0.1,3,827.973,172.65568705084695,982.12,5.117186727099178,983.0,979.0,985.75,0.8148148148148148
126,,10.0,4.0,stats_summary,Q,0.01,1,791.1655,160.38547349978427,916.0,0.0,916.0,916.0,916.0,0.640625
127,,10.0,4.0,stats_summary,Q,0.01,2,797.5775,160.95207048606116,927.0,0.0,927.0,927.0,927.0,0.65625
128,,10.0,4.0,stats_summary,Q,0.01,3,785.457,157.2097107401448,916.0,0.0,916.0,916.0,916.0,0.65625
129,,10.0,4.0,stats_summary,Q,0.05,1,818.977,170.22071398922049,645.02,0.13999999999999999,645.0,645.0,645.0,0.625
130,,10.0,4.0,stats_summary,Q,0.05,2,823.3175,169.49584270344215,729.0,0.0,729.0,729.0,729.0,0.65625
131,,10.0,4.0,stats_summary,Q,0.05,3,817.605,171.26889085587027,828.0,0.0,828.0,828.0,828.0,0.625
132,,10.0,4.0,stats_summary,Q,0.1,1,832.013,174.92901654957075,916.0,0.0,916.0,916.0,916.0,0.625
133,,10.0,4.0,stats_summary,Q,0.1,2,827.677,172.36725231609395,643.04,0.19595917942265426,643.0,643.0,643.0,0.671875
134,,10.0,4.0,stats_summary,Q,0.1,3,830.5725,172.99254245125712,916.0,0.0,916.0,916.0,916.0,0.65625
135,,10.0,4.0,stats_summary,SARSA,0.01,1,795.5285,160.03285346374975,941.0,0.0,941.0,941.0,941.0,0.671875
136,,10.0,4.0,stats_summary,SARSA,0.01,2,794.4705,162.415772416813,916.0,0.0,916.0,916.0,916.0,0.65625
137,,10.0,4.0,stats_summary,SARSA,0.01,3,800.0875,161.7976292896469,916.0,0.0,916.0,916.0,916.0,0.640625
138,,10.0,4.0,stats_summary,SARSA,0.05,1,807.8455,166.43168757706567,556.0,0.0,556.0,556.0,556.0,0.65625
139,,10.0,4.0,stats_summary,SARSA,0.05,2,816.9665,169.76652313618843,916.0,0.0,916.0,916.0,916.0,0.625
140,,10.0,4.0,stats_summary,SARSA,0.05,3,807.5035,168.29633385118643,916.0,0.0,916.0,916.0,916.0,0.625
141,,10.0,4.0,stats_summary,SARSA,0.1,1,821.2845,172.66930983747517,944.28,5.2155153149041755,944.0,942.0,947.75,0.671875
142,,10.0,4.0,stats_summary,SARSA,0.1,2,827.8325,174.3382185401411,645.14,0.98,645.0,645.0,645.0,0.65625
143,,10.0,4.0,stats_summary,SARSA,0.1,3,821.1105,172.88211674360656,1111.06,38.288071249411345,1109.5,1080.0,1142.25,0.625
144,,10.0,5.0,stats_summary,Q,0.01,1,801.843,164.19206543252935,916.0,0.0,916.0,916.0,916.0,0.552
145,,10.0,5.0,stats_summary,Q,0.01,2,791.4715,161.63535253078146,916.0,0.0,916.0,916.0,916.0,0.56
146,,10.0,5.0,stats_summary,Q,0.01,3,795.3545,159.3091203596015,916.0,0.0,916.0,916.0,916.0,0.576
147,,10.0,5.0,stats_summary,Q,0.05,1,812.427,169.34796624406212,831.0,0.0,831.0,831.0,831.0,0.56
148,,10.0,5.0,stats_summary,Q,0.05,2,821.278,168.817436054455,914.0,0.0,914.0,914.0,914.0,0.552
149,,10.0,5.0,stats_summary,Q,0.05,3,812.4325,168.4325367728872,920.0,0.0,920.0,920.0,920.0,0.576
150,,10.0,5.0,stats_summary,Q,0.1,1,835.574,170.51414171264506,1103.68,23.860796298531195,1104.0,1086.25,1120.5,0.536
151,,10.0,5.0,stats_summary,Q,0.1,2,823.403,171.61875069758548,910.06,4.19718953586802,910.5,907.25,913.0,0.568
152,,10.0,5.0,stats_summary,Q,0.1,3,825.423,172.86952325670364,727.0,0.0,727.0,727.0,727.0,0.6
153,,10.0,5.0,stats_summary,SARSA,0.01,1,797.1585,161.80180894461594,916.0,0.0,916.0,916.0,916.0,0.52
154,,10.0,5.0,stats_summary,SARSA,0.01,2,791.8985,159.6053075488093,916.0,0.0,916.0,916.0,916.0,0.504
155,,10.0,5.0,stats_summary,SARSA,0.01,3,802.3665,164.7488336157498,916.0,0.0,916.0,916.0,916.0,0.576
156,,10.0,5.0,stats_summary,SARSA,0.05,1,818.7095,169.32135160619882,916.0,0.0,916.0,916.0,916.0,0.584
157,,10.0,5.0,stats_summary,SARSA,0.05,2,814.5785,168.37718324568206,916.0,0.0,916.0,916.0,916.0,0.544
158,,10.0,5.0,stats_summary,SARSA,0.05,3,804.368,167.52987965136248,753.0,0.0,753.0,753.0,753.0,0.584
159,,10.0,5.0,stats_summary,SARSA,0.1,1,822.3785,172.13451204726493,935.0,0.0,935.0,935.0,935.0,0.544
160,,10.0,5.0,stats_summary,SARSA,0.1,2,820.4925,171.96559232517998,827.0,0.0,827.0,827.0,827.0,0.584
161,,10.0,5.0,stats_summary,SARSA,0.1,3,820.817,172.18508504223007,916.0,0.0,916.0,916.0,916.0,0.544
162,,15.0,3.0,stats_summary,Q,0.01,1,801.13,164.98706343225822,832.0,0.0,832.0,832.0,832.0,0.8148148148148148
163,,15.0,3.0,stats_summary,Q,0.01,2,817.128,168.2532127954768,927.0,0.0,927.0,927.0,927.0,0.7777777777777778
164,,15.0,3.0,stats_summary,Q,0.01,3,807.6575,163.0111995960707,916.0,0.0,916.0,916.0,916.0,0.7777777777777778
165,,15.0,3.0,stats_summary,Q,0.05,1,830.6375,172.985623951096,566.16,0.783836717690617,566.0,566.0,566.0,0.8148148148148148
166,,15.0,3.0,stats_summary,Q,0.05,2,830.4725,171.07669696294116,916.0,0.0,916.0,916.0,916.0,0.8148148148148148
167,,15.0,3.0,stats_summary,Q,0.05,3,821.8905,173.17560598926744,934.0,0.0,934.0,934.0,934.0,0.8148148148148148
168,,15.0,3.0,stats_summary,Q,0.1,1,834.5495,175.0969147350975,916.0,0.0,916.0,916.0,916.0,0.8148148148148148
169,,15.0,3.0,stats_summary,Q,0.1,2,845.531,175.57056996831787,733.0,0.0,733.0,733.0,733.0,0.8148148148148148
170,,15.0,3.0,stats_summary,Q,0.1,3,836.4015,176.43572285041938,1163.82,9.264318647369594,1164.0,1158.0,1170.0,0.8148148148148148
171,,15.0,3.0,stats_summary,SARSA,0.01,1,794.965,159.1071675789623,916.0,0.0,916.0,916.0,916.0,0.7777777777777778
172,,15.0,3.0,stats_summary,SARSA,0.01,2,804.297,165.54872633457498,916.0,0.0,916.0,916.0,916.0,0.7777777777777778
173,,15.0,3.0,stats_summary,SARSA,0.01,3,792.154,158.89017680146247,916.0,0.0,916.0,916.0,916.0,0.7777777777777778
174,,15.0,3.0,stats_summary,SARSA,0.05,1,824.5935,169.74369578205253,733.0,0.0,733.0,733.0,733.0,0.7777777777777778
175,,15.0,3.0,stats_summary,SARSA,0.05,2,815.5505,169.91707521538262,916.0,0.0,916.0,916.0,916.0,0.7777777777777778
176,,15.0,3.0,stats_summary,SARSA,0.05,3,819.1915,167.66608729182536,791.5,5.303772242470448,793.0,789.0,794.0,0.7777777777777778
177,,15.0,3.0,stats_summary,SARSA,0.1,1,830.8475,174.7588717168602,738.0,0.0,738.0,738.0,738.0,0.8148148148148148
178,,15.0,3.0,stats_summary,SARSA,0.1,2,832.755,173.86455065653837,1156.88,16.52711711097855,1161.0,1145.25,1167.0,0.7777777777777778
179,,15.0,3.0,stats_summary,SARSA,0.1,3,833.345,174.47675769282282,916.0,0.0,916.0,916.0,916.0,0.8518518518518519
180,,15.0,4.0,stats_summary,Q,0.01,1,807.587,165.1562334003776,823.0,0.0,823.0,823.0,823.0,0.640625
181,,15.0,4.0,stats_summary,Q,0.01,2,798.11,160.07164614634286,916.0,0.0,916.0,916.0,916.0,0.640625
182,,15.0,4.0,stats_summary,Q,0.01,3,790.3045,158.43491969812084,916.0,0.0,916.0,916.0,916.0,0.65625
183,,15.0,4.0,stats_summary,Q,0.05,1,811.752,168.56447281678308,824.16,1.12,824.0,824.0,824.0,0.71875
184,,15.0,4.0,stats_summary,Q,0.05,2,814.749,168.4057718696126,916.0,0.0,916.0,916.0,916.0,0.671875
185,,15.0,4.0,stats_summary,Q,0.05,3,809.3485,167.84220282083407,916.0,0.0,916.0,916.0,916.0,0.65625
186,,15.0,4.0,stats_summary,Q,0.1,1,819.487,171.29219430843895,643.0,0.0,643.0,643.0,643.0,0.65625
187,,15.0,4.0,stats_summary,Q,0.1,2,831.1655,171.3533049280054,826.12,0.8400000000000001,826.0,826.0,826.0,0.6875
188,,15.0,4.0,stats_summary,Q,0.1,3,828.921,171.3231851180686,738.0,0.0,738.0,738.0,738.0,0.65625
189,,15.0,4.0,stats_summary,SARSA,0.01,1,803.3805,161.68066278856602,916.0,0.0,916.0,916.0,916.0,0.65625
190,,15.0,4.0,stats_summary,SARSA,0.01,2,796.3585,161.7065675158248,916.0,0.0,916.0,916.0,916.0,0.640625
191,,15.0,4.0,stats_summary,SARSA,0.01,3,796.651,162.79871989361587,743.0,0.0,743.0,743.0,743.0,0.640625
192,,15.0,4.0,stats_summary,SARSA,0.05,1,815.1035,169.48285986420572,916.0,0.0,916.0,916.0,916.0,0.625
193,,15.0,4.0,stats_summary,SARSA,0.05,2,804.9575,167.4751584377516,640.0,0.0,640.0,640.0,640.0,0.640625
194,,15.0,4.0,stats_summary,SARSA,0.05,3,812.568,168.2672706618848,916.0,0.0,916.0,916.0,916.0,0.625
195,,15.0,4.0,stats_summary,SARSA,0.1,1,823.1415,172.52893229180432,644.02,0.14,644.0,644.0,644.0,0.671875
196,,15.0,4.0,stats_summary,SARSA,0.1,2,821.3225,173.81203782750492,916.0,0.0,916.0,916.0,916.0,0.640625
197,,15.0,4.0,stats_summary,SARSA,0.1,3,825.03,173.32134057870658,822.02,0.13999999999999999,822.0,822.0,822.0,0.671875
198,,15.0,5.0,stats_summary,Q,0.01,1,793.983,161.10490281490505,916.0,0.0,916.0,916.0,916.0,0.552
199,,15.0,5.0,stats_summary,Q,0.01,2,794.0355,160.7663933779383,916.0,0.0,916.0,916.0,916.0,0.512
200,,15.0,5.0,stats_summary,Q,0.01,3,806.7875,163.84545567012228,916.0,0.0,916.0,916.0,916.0,0.528
201,,15.0,5.0,stats_summary,Q,0.05,1,806.275,166.37489706984044,1119.46,22.173145920234234,1119.5,1106.5,1133.75,0.584
202,,15.0,5.0,stats_summary,Q,0.05,2,809.9225,168.67316174706042,916.0,0.0,916.0,916.0,916.0,0.568
203,,15.0,5.0,stats_summary,Q,0.05,3,808.647,168.4356980898052,914.0,0.0,914.0,914.0,914.0,0.552
204,,15.0,5.0,stats_summary,Q,0.1,1,832.261,172.4109563774878,916.0,0.0,916.0,916.0,916.0,0.592
205,,15.0,5.0,stats_summary,Q,0.1,2,827.778,172.92565372436792,641.0,0.0,641.0,641.0,641.0,0.528
206,,15.0,5.0,stats_summary,Q,0.1,3,819.1695,171.25552478606346,535.0,0.0,535.0,535.0,535.0,0.56
207,,15.0,5.0,stats_summary,SARSA,0.01,1,796.3655,163.8916255021897,916.0,0.0,916.0,916.0,916.0,0.576
208,,15.0,5.0,stats_summary,SARSA,0.01,2,789.314,158.01590237694433,916.0,0.0,916.0,916.0,916.0,0.536
209,,15.0,5.0,stats_summary,SARSA,0.01,3,786.148,156.80556462064732,916.0,0.0,916.0,916.0,916.0,0.536
210,,15.0,5.0,stats_summary,SARSA,0.05,1,807.38,168.48252312925516,916.0,0.0,916.0,916.0,916.0,0.608
211,,15.0,5.0,stats_summary,SARSA,0.05,2,805.504,165.61017777902418,916.0,0.0,916.0,916.0,916.0,0.56
212,,15.0,5.0,stats_summary,SARSA,0.05,3,809.02,168.2777127251259,916.0,0.0,916.0,916.0,916.0,0.536
213,,15.0,5.0,stats_summary,SARSA,0.1,1,825.11,172.49879390882708,916.0,0.0,916.0,916.0,916.0,0.544
214,,15.0,5.0,stats_summary,SARSA,0.1,2,824.3145,173.66244438493314,916.0,0.0,916.0,916.0,916.0,0.552
215,,15.0,5.0,stats_summary,SARSA,0.1,3,824.4735,173.29443816161557,1015.52,6.472217548877665,1016.0,1012.0,1021.0,0.568
